ID,lng,lat
"1",139.585,35.735
"2",139.585,35.745
"3",139.585,35.755
"4",139.585,35.765
"5",139.585,35.775
"6",139.585,35.785
"7",139.585,35.795
"8",139.585,35.805
"9",139.585,35.815
"10",139.585,35.825
"11",139.585,35.835
"12",139.585,35.845
"13",139.585,35.855
"14",139.585,35.865
"15",139.585,35.875
"16",139.585,35.885
"17",139.585,35.895
"18",139.585,35.905
"19",139.585,35.915
"20",139.585,35.925
"21",139.585,35.935
"22",139.585,35.945
"23",139.585,35.955
"24",139.585,35.965
"25",139.585,35.975
"26",139.585,35.985
"27",139.585,35.995
"28",139.585,36.005
"29",139.585,36.015
"30",139.585,36.025
"31",139.585,36.035
"32",139.585,36.045
"33",139.585,36.055
"34",139.585,36.065
"35",139.585,36.075
"36",139.595,35.735
"37",139.595,35.745
"38",139.595,35.755
"39",139.595,35.765
"40",139.595,35.775
"41",139.595,35.785
"42",139.595,35.795
"43",139.595,35.805
"44",139.595,35.815
"45",139.595,35.825
"46",139.595,35.835
"47",139.595,35.845
"48",139.595,35.855
"49",139.595,35.865
"50",139.595,35.875
"51",139.595,35.885
"52",139.595,35.895
"53",139.595,35.905
"54",139.595,35.915
"55",139.595,35.925
"56",139.595,35.935
"57",139.595,35.945
"58",139.595,35.955
"59",139.595,35.965
"60",139.595,35.975
"61",139.595,35.985
"62",139.595,35.995
"63",139.595,36.005
"64",139.595,36.015
"65",139.595,36.025
"66",139.595,36.035
"67",139.595,36.045
"68",139.595,36.055
"69",139.595,36.065
"70",139.595,36.075
"71",139.605,35.735
"72",139.605,35.745
"73",139.605,35.755
"74",139.605,35.765
"75",139.605,35.775
"76",139.605,35.785
"77",139.605,35.795
"78",139.605,35.805
"79",139.605,35.815
"80",139.605,35.825
"81",139.605,35.835
"82",139.605,35.845
"83",139.605,35.855
"84",139.605,35.865
"85",139.605,35.875
"86",139.605,35.885
"87",139.605,35.895
"88",139.605,35.905
"89",139.605,35.915
"90",139.605,35.925
"91",139.605,35.935
"92",139.605,35.945
"93",139.605,35.955
"94",139.605,35.965
"95",139.605,35.975
"96",139.605,35.985
"97",139.605,35.995
"98",139.605,36.005
"99",139.605,36.015
"100",139.605,36.025
"101",139.605,36.035
"102",139.605,36.045
"103",139.605,36.055
"104",139.605,36.065
"105",139.605,36.075
"106",139.615,35.735
"107",139.615,35.745
"108",139.615,35.755
"109",139.615,35.765
"110",139.615,35.775
"111",139.615,35.785
"112",139.615,35.795
"113",139.615,35.805
"114",139.615,35.815
"115",139.615,35.825
"116",139.615,35.835
"117",139.615,35.845
"118",139.615,35.855
"119",139.615,35.865
"120",139.615,35.875
"121",139.615,35.885
"122",139.615,35.895
"123",139.615,35.905
"124",139.615,35.915
"125",139.615,35.925
"126",139.615,35.935
"127",139.615,35.945
"128",139.615,35.955
"129",139.615,35.965
"130",139.615,35.975
"131",139.615,35.985
"132",139.615,35.995
"133",139.615,36.005
"134",139.615,36.015
"135",139.615,36.025
"136",139.615,36.035
"137",139.615,36.045
"138",139.615,36.055
"139",139.615,36.065
"140",139.615,36.075
"141",139.625,35.735
"142",139.625,35.745
"143",139.625,35.755
"144",139.625,35.765
"145",139.625,35.775
"146",139.625,35.785
"147",139.625,35.795
"148",139.625,35.805
"149",139.625,35.815
"150",139.625,35.825
"151",139.625,35.835
"152",139.625,35.845
"153",139.625,35.855
"154",139.625,35.865
"155",139.625,35.875
"156",139.625,35.885
"157",139.625,35.895
"158",139.625,35.905
"159",139.625,35.915
"160",139.625,35.925
"161",139.625,35.935
"162",139.625,35.945
"163",139.625,35.955
"164",139.625,35.965
"165",139.625,35.975
"166",139.625,35.985
"167",139.625,35.995
"168",139.625,36.005
"169",139.625,36.015
"170",139.625,36.025
"171",139.625,36.035
"172",139.625,36.045
"173",139.625,36.055
"174",139.625,36.065
"175",139.625,36.075
"176",139.635,35.735
"177",139.635,35.745
"178",139.635,35.755
"179",139.635,35.765
"180",139.635,35.775
"181",139.635,35.785
"182",139.635,35.795
"183",139.635,35.805
"184",139.635,35.815
"185",139.635,35.825
"186",139.635,35.835
"187",139.635,35.845
"188",139.635,35.855
"189",139.635,35.865
"190",139.635,35.875
"191",139.635,35.885
"192",139.635,35.895
"193",139.635,35.905
"194",139.635,35.915
"195",139.635,35.925
"196",139.635,35.935
"197",139.635,35.945
"198",139.635,35.955
"199",139.635,35.965
"200",139.635,35.975
"201",139.635,35.985
"202",139.635,35.995
"203",139.635,36.005
"204",139.635,36.015
"205",139.635,36.025
"206",139.635,36.035
"207",139.635,36.045
"208",139.635,36.055
"209",139.635,36.065
"210",139.635,36.075
"211",139.645,35.735
"212",139.645,35.745
"213",139.645,35.755
"214",139.645,35.765
"215",139.645,35.775
"216",139.645,35.785
"217",139.645,35.795
"218",139.645,35.805
"219",139.645,35.815
"220",139.645,35.825
"221",139.645,35.835
"222",139.645,35.845
"223",139.645,35.855
"224",139.645,35.865
"225",139.645,35.875
"226",139.645,35.885
"227",139.645,35.895
"228",139.645,35.905
"229",139.645,35.915
"230",139.645,35.925
"231",139.645,35.935
"232",139.645,35.945
"233",139.645,35.955
"234",139.645,35.965
"235",139.645,35.975
"236",139.645,35.985
"237",139.645,35.995
"238",139.645,36.005
"239",139.645,36.015
"240",139.645,36.025
"241",139.645,36.035
"242",139.645,36.045
"243",139.645,36.055
"244",139.645,36.065
"245",139.645,36.075
"246",139.655,35.735
"247",139.655,35.745
"248",139.655,35.755
"249",139.655,35.765
"250",139.655,35.775
"251",139.655,35.785
"252",139.655,35.795
"253",139.655,35.805
"254",139.655,35.815
"255",139.655,35.825
"256",139.655,35.835
"257",139.655,35.845
"258",139.655,35.855
"259",139.655,35.865
"260",139.655,35.875
"261",139.655,35.885
"262",139.655,35.895
"263",139.655,35.905
"264",139.655,35.915
"265",139.655,35.925
"266",139.655,35.935
"267",139.655,35.945
"268",139.655,35.955
"269",139.655,35.965
"270",139.655,35.975
"271",139.655,35.985
"272",139.655,35.995
"273",139.655,36.005
"274",139.655,36.015
"275",139.655,36.025
"276",139.655,36.035
"277",139.655,36.045
"278",139.655,36.055
"279",139.655,36.065
"280",139.655,36.075
"281",139.665,35.735
"282",139.665,35.745
"283",139.665,35.755
"284",139.665,35.765
"285",139.665,35.775
"286",139.665,35.785
"287",139.665,35.795
"288",139.665,35.805
"289",139.665,35.815
"290",139.665,35.825
"291",139.665,35.835
"292",139.665,35.845
"293",139.665,35.855
"294",139.665,35.865
"295",139.665,35.875
"296",139.665,35.885
"297",139.665,35.895
"298",139.665,35.905
"299",139.665,35.915
"300",139.665,35.925
"301",139.665,35.935
"302",139.665,35.945
"303",139.665,35.955
"304",139.665,35.965
"305",139.665,35.975
"306",139.665,35.985
"307",139.665,35.995
"308",139.665,36.005
"309",139.665,36.015
"310",139.665,36.025
"311",139.665,36.035
"312",139.665,36.045
"313",139.665,36.055
"314",139.665,36.065
"315",139.665,36.075
"316",139.675,35.735
"317",139.675,35.745
"318",139.675,35.755
"319",139.675,35.765
"320",139.675,35.775
"321",139.675,35.785
"322",139.675,35.795
"323",139.675,35.805
"324",139.675,35.815
"325",139.675,35.825
"326",139.675,35.835
"327",139.675,35.845
"328",139.675,35.855
"329",139.675,35.865
"330",139.675,35.875
"331",139.675,35.885
"332",139.675,35.895
"333",139.675,35.905
"334",139.675,35.915
"335",139.675,35.925
"336",139.675,35.935
"337",139.675,35.945
"338",139.675,35.955
"339",139.675,35.965
"340",139.675,35.975
"341",139.675,35.985
"342",139.675,35.995
"343",139.675,36.005
"344",139.675,36.015
"345",139.675,36.025
"346",139.675,36.035
"347",139.675,36.045
"348",139.675,36.055
"349",139.675,36.065
"350",139.675,36.075
"351",139.685,35.735
"352",139.685,35.745
"353",139.685,35.755
"354",139.685,35.765
"355",139.685,35.775
"356",139.685,35.785
"357",139.685,35.795
"358",139.685,35.805
"359",139.685,35.815
"360",139.685,35.825
"361",139.685,35.835
"362",139.685,35.845
"363",139.685,35.855
"364",139.685,35.865
"365",139.685,35.875
"366",139.685,35.885
"367",139.685,35.895
"368",139.685,35.905
"369",139.685,35.915
"370",139.685,35.925
"371",139.685,35.935
"372",139.685,35.945
"373",139.685,35.955
"374",139.685,35.965
"375",139.685,35.975
"376",139.685,35.985
"377",139.685,35.995
"378",139.685,36.005
"379",139.685,36.015
"380",139.685,36.025
"381",139.685,36.035
"382",139.685,36.045
"383",139.685,36.055
"384",139.685,36.065
"385",139.685,36.075
"386",139.695,35.735
"387",139.695,35.745
"388",139.695,35.755
"389",139.695,35.765
"390",139.695,35.775
"391",139.695,35.785
"392",139.695,35.795
"393",139.695,35.805
"394",139.695,35.815
"395",139.695,35.825
"396",139.695,35.835
"397",139.695,35.845
"398",139.695,35.855
"399",139.695,35.865
"400",139.695,35.875
"401",139.695,35.885
"402",139.695,35.895
"403",139.695,35.905
"404",139.695,35.915
"405",139.695,35.925
"406",139.695,35.935
"407",139.695,35.945
"408",139.695,35.955
"409",139.695,35.965
"410",139.695,35.975
"411",139.695,35.985
"412",139.695,35.995
"413",139.695,36.005
"414",139.695,36.015
"415",139.695,36.025
"416",139.695,36.035
"417",139.695,36.045
"418",139.695,36.055
"419",139.695,36.065
"420",139.695,36.075
"421",139.705,35.735
"422",139.705,35.745
"423",139.705,35.755
"424",139.705,35.765
"425",139.705,35.775
"426",139.705,35.785
"427",139.705,35.795
"428",139.705,35.805
"429",139.705,35.815
"430",139.705,35.825
"431",139.705,35.835
"432",139.705,35.845
"433",139.705,35.855
"434",139.705,35.865
"435",139.705,35.875
"436",139.705,35.885
"437",139.705,35.895
"438",139.705,35.905
"439",139.705,35.915
"440",139.705,35.925
"441",139.705,35.935
"442",139.705,35.945
"443",139.705,35.955
"444",139.705,35.965
"445",139.705,35.975
"446",139.705,35.985
"447",139.705,35.995
"448",139.705,36.005
"449",139.705,36.015
"450",139.705,36.025
"451",139.705,36.035
"452",139.705,36.045
"453",139.705,36.055
"454",139.705,36.065
"455",139.705,36.075
"456",139.715,35.735
"457",139.715,35.745
"458",139.715,35.755
"459",139.715,35.765
"460",139.715,35.775
"461",139.715,35.785
"462",139.715,35.795
"463",139.715,35.805
"464",139.715,35.815
"465",139.715,35.825
"466",139.715,35.835
"467",139.715,35.845
"468",139.715,35.855
"469",139.715,35.865
"470",139.715,35.875
"471",139.715,35.885
"472",139.715,35.895
"473",139.715,35.905
"474",139.715,35.915
"475",139.715,35.925
"476",139.715,35.935
"477",139.715,35.945
"478",139.715,35.955
"479",139.715,35.965
"480",139.715,35.975
"481",139.715,35.985
"482",139.715,35.995
"483",139.715,36.005
"484",139.715,36.015
"485",139.715,36.025
"486",139.715,36.035
"487",139.715,36.045
"488",139.715,36.055
"489",139.715,36.065
"490",139.715,36.075
"491",139.725,35.735
"492",139.725,35.745
"493",139.725,35.755
"494",139.725,35.765
"495",139.725,35.775
"496",139.725,35.785
"497",139.725,35.795
"498",139.725,35.805
"499",139.725,35.815
"500",139.725,35.825
"501",139.725,35.835
"502",139.725,35.845
"503",139.725,35.855
"504",139.725,35.865
"505",139.725,35.875
"506",139.725,35.885
"507",139.725,35.895
"508",139.725,35.905
"509",139.725,35.915
"510",139.725,35.925
"511",139.725,35.935
"512",139.725,35.945
"513",139.725,35.955
"514",139.725,35.965
"515",139.725,35.975
"516",139.725,35.985
"517",139.725,35.995
"518",139.725,36.005
"519",139.725,36.015
"520",139.725,36.025
"521",139.725,36.035
"522",139.725,36.045
"523",139.725,36.055
"524",139.725,36.065
"525",139.725,36.075
"526",139.735,35.735
"527",139.735,35.745
"528",139.735,35.755
"529",139.735,35.765
"530",139.735,35.775
"531",139.735,35.785
"532",139.735,35.795
"533",139.735,35.805
"534",139.735,35.815
"535",139.735,35.825
"536",139.735,35.835
"537",139.735,35.845
"538",139.735,35.855
"539",139.735,35.865
"540",139.735,35.875
"541",139.735,35.885
"542",139.735,35.895
"543",139.735,35.905
"544",139.735,35.915
"545",139.735,35.925
"546",139.735,35.935
"547",139.735,35.945
"548",139.735,35.955
"549",139.735,35.965
"550",139.735,35.975
"551",139.735,35.985
"552",139.735,35.995
"553",139.735,36.005
"554",139.735,36.015
"555",139.735,36.025
"556",139.735,36.035
"557",139.735,36.045
"558",139.735,36.055
"559",139.735,36.065
"560",139.735,36.075
"561",139.745,35.735
"562",139.745,35.745
"563",139.745,35.755
"564",139.745,35.765
"565",139.745,35.775
"566",139.745,35.785
"567",139.745,35.795
"568",139.745,35.805
"569",139.745,35.815
"570",139.745,35.825
"571",139.745,35.835
"572",139.745,35.845
"573",139.745,35.855
"574",139.745,35.865
"575",139.745,35.875
"576",139.745,35.885
"577",139.745,35.895
"578",139.745,35.905
"579",139.745,35.915
"580",139.745,35.925
"581",139.745,35.935
"582",139.745,35.945
"583",139.745,35.955
"584",139.745,35.965
"585",139.745,35.975
"586",139.745,35.985
"587",139.745,35.995
"588",139.745,36.005
"589",139.745,36.015
"590",139.745,36.025
"591",139.745,36.035
"592",139.745,36.045
"593",139.745,36.055
"594",139.745,36.065
"595",139.745,36.075
"596",139.755,35.735
"597",139.755,35.745
"598",139.755,35.755
"599",139.755,35.765
"600",139.755,35.775
"601",139.755,35.785
"602",139.755,35.795
"603",139.755,35.805
"604",139.755,35.815
"605",139.755,35.825
"606",139.755,35.835
"607",139.755,35.845
"608",139.755,35.855
"609",139.755,35.865
"610",139.755,35.875
"611",139.755,35.885
"612",139.755,35.895
"613",139.755,35.905
"614",139.755,35.915
"615",139.755,35.925
"616",139.755,35.935
"617",139.755,35.945
"618",139.755,35.955
"619",139.755,35.965
"620",139.755,35.975
"621",139.755,35.985
"622",139.755,35.995
"623",139.755,36.005
"624",139.755,36.015
"625",139.755,36.025
"626",139.755,36.035
"627",139.755,36.045
"628",139.755,36.055
"629",139.755,36.065
"630",139.755,36.075
"631",139.765,35.735
"632",139.765,35.745
"633",139.765,35.755
"634",139.765,35.765
"635",139.765,35.775
"636",139.765,35.785
"637",139.765,35.795
"638",139.765,35.805
"639",139.765,35.815
"640",139.765,35.825
"641",139.765,35.835
"642",139.765,35.845
"643",139.765,35.855
"644",139.765,35.865
"645",139.765,35.875
"646",139.765,35.885
"647",139.765,35.895
"648",139.765,35.905
"649",139.765,35.915
"650",139.765,35.925
"651",139.765,35.935
"652",139.765,35.945
"653",139.765,35.955
"654",139.765,35.965
"655",139.765,35.975
"656",139.765,35.985
"657",139.765,35.995
"658",139.765,36.005
"659",139.765,36.015
"660",139.765,36.025
"661",139.765,36.035
"662",139.765,36.045
"663",139.765,36.055
"664",139.765,36.065
"665",139.765,36.075
"666",139.775,35.735
"667",139.775,35.745
"668",139.775,35.755
"669",139.775,35.765
"670",139.775,35.775
"671",139.775,35.785
"672",139.775,35.795
"673",139.775,35.805
"674",139.775,35.815
"675",139.775,35.825
"676",139.775,35.835
"677",139.775,35.845
"678",139.775,35.855
"679",139.775,35.865
"680",139.775,35.875
"681",139.775,35.885
"682",139.775,35.895
"683",139.775,35.905
"684",139.775,35.915
"685",139.775,35.925
"686",139.775,35.935
"687",139.775,35.945
"688",139.775,35.955
"689",139.775,35.965
"690",139.775,35.975
"691",139.775,35.985
"692",139.775,35.995
"693",139.775,36.005
"694",139.775,36.015
"695",139.775,36.025
"696",139.775,36.035
"697",139.775,36.045
"698",139.775,36.055
"699",139.775,36.065
"700",139.775,36.075
"701",139.785,35.735
"702",139.785,35.745
"703",139.785,35.755
"704",139.785,35.765
"705",139.785,35.775
"706",139.785,35.785
"707",139.785,35.795
"708",139.785,35.805
"709",139.785,35.815
"710",139.785,35.825
"711",139.785,35.835
"712",139.785,35.845
"713",139.785,35.855
"714",139.785,35.865
"715",139.785,35.875
"716",139.785,35.885
"717",139.785,35.895
"718",139.785,35.905
"719",139.785,35.915
"720",139.785,35.925
"721",139.785,35.935
"722",139.785,35.945
"723",139.785,35.955
"724",139.785,35.965
"725",139.785,35.975
"726",139.785,35.985
"727",139.785,35.995
"728",139.785,36.005
"729",139.785,36.015
"730",139.785,36.025
"731",139.785,36.035
"732",139.785,36.045
"733",139.785,36.055
"734",139.785,36.065
"735",139.785,36.075
"736",139.795,35.735
"737",139.795,35.745
"738",139.795,35.755
"739",139.795,35.765
"740",139.795,35.775
"741",139.795,35.785
"742",139.795,35.795
"743",139.795,35.805
"744",139.795,35.815
"745",139.795,35.825
"746",139.795,35.835
"747",139.795,35.845
"748",139.795,35.855
"749",139.795,35.865
"750",139.795,35.875
"751",139.795,35.885
"752",139.795,35.895
"753",139.795,35.905
"754",139.795,35.915
"755",139.795,35.925
"756",139.795,35.935
"757",139.795,35.945
"758",139.795,35.955
"759",139.795,35.965
"760",139.795,35.975
"761",139.795,35.985
"762",139.795,35.995
"763",139.795,36.005
"764",139.795,36.015
"765",139.795,36.025
"766",139.795,36.035
"767",139.795,36.045
"768",139.795,36.055
"769",139.795,36.065
"770",139.795,36.075
"771",139.805,35.735
"772",139.805,35.745
"773",139.805,35.755
"774",139.805,35.765
"775",139.805,35.775
"776",139.805,35.785
"777",139.805,35.795
"778",139.805,35.805
"779",139.805,35.815
"780",139.805,35.825
"781",139.805,35.835
"782",139.805,35.845
"783",139.805,35.855
"784",139.805,35.865
"785",139.805,35.875
"786",139.805,35.885
"787",139.805,35.895
"788",139.805,35.905
"789",139.805,35.915
"790",139.805,35.925
"791",139.805,35.935
"792",139.805,35.945
"793",139.805,35.955
"794",139.805,35.965
"795",139.805,35.975
"796",139.805,35.985
"797",139.805,35.995
"798",139.805,36.005
"799",139.805,36.015
"800",139.805,36.025
"801",139.805,36.035
"802",139.805,36.045
"803",139.805,36.055
"804",139.805,36.065
"805",139.805,36.075
"806",139.815,35.735
"807",139.815,35.745
"808",139.815,35.755
"809",139.815,35.765
"810",139.815,35.775
"811",139.815,35.785
"812",139.815,35.795
"813",139.815,35.805
"814",139.815,35.815
"815",139.815,35.825
"816",139.815,35.835
"817",139.815,35.845
"818",139.815,35.855
"819",139.815,35.865
"820",139.815,35.875
"821",139.815,35.885
"822",139.815,35.895
"823",139.815,35.905
"824",139.815,35.915
"825",139.815,35.925
"826",139.815,35.935
"827",139.815,35.945
"828",139.815,35.955
"829",139.815,35.965
"830",139.815,35.975
"831",139.815,35.985
"832",139.815,35.995
"833",139.815,36.005
"834",139.815,36.015
"835",139.815,36.025
"836",139.815,36.035
"837",139.815,36.045
"838",139.815,36.055
"839",139.815,36.065
"840",139.815,36.075
"841",139.825,35.735
"842",139.825,35.745
"843",139.825,35.755
"844",139.825,35.765
"845",139.825,35.775
"846",139.825,35.785
"847",139.825,35.795
"848",139.825,35.805
"849",139.825,35.815
"850",139.825,35.825
"851",139.825,35.835
"852",139.825,35.845
"853",139.825,35.855
"854",139.825,35.865
"855",139.825,35.875
"856",139.825,35.885
"857",139.825,35.895
"858",139.825,35.905
"859",139.825,35.915
"860",139.825,35.925
"861",139.825,35.935
"862",139.825,35.945
"863",139.825,35.955
"864",139.825,35.965
"865",139.825,35.975
"866",139.825,35.985
"867",139.825,35.995
"868",139.825,36.005
"869",139.825,36.015
"870",139.825,36.025
"871",139.825,36.035
"872",139.825,36.045
"873",139.825,36.055
"874",139.825,36.065
"875",139.825,36.075
"876",139.835,35.735
"877",139.835,35.745
"878",139.835,35.755
"879",139.835,35.765
"880",139.835,35.775
"881",139.835,35.785
"882",139.835,35.795
"883",139.835,35.805
"884",139.835,35.815
"885",139.835,35.825
"886",139.835,35.835
"887",139.835,35.845
"888",139.835,35.855
"889",139.835,35.865
"890",139.835,35.875
"891",139.835,35.885
"892",139.835,35.895
"893",139.835,35.905
"894",139.835,35.915
"895",139.835,35.925
"896",139.835,35.935
"897",139.835,35.945
"898",139.835,35.955
"899",139.835,35.965
"900",139.835,35.975
"901",139.835,35.985
"902",139.835,35.995
"903",139.835,36.005
"904",139.835,36.015
"905",139.835,36.025
"906",139.835,36.035
"907",139.835,36.045
"908",139.835,36.055
"909",139.835,36.065
"910",139.835,36.075
"911",139.845,35.735
"912",139.845,35.745
"913",139.845,35.755
"914",139.845,35.765
"915",139.845,35.775
"916",139.845,35.785
"917",139.845,35.795
"918",139.845,35.805
"919",139.845,35.815
"920",139.845,35.825
"921",139.845,35.835
"922",139.845,35.845
"923",139.845,35.855
"924",139.845,35.865
"925",139.845,35.875
"926",139.845,35.885
"927",139.845,35.895
"928",139.845,35.905
"929",139.845,35.915
"930",139.845,35.925
"931",139.845,35.935
"932",139.845,35.945
"933",139.845,35.955
"934",139.845,35.965
"935",139.845,35.975
"936",139.845,35.985
"937",139.845,35.995
"938",139.845,36.005
"939",139.845,36.015
"940",139.845,36.025
"941",139.845,36.035
"942",139.845,36.045
"943",139.845,36.055
"944",139.845,36.065
"945",139.845,36.075
"946",139.855,35.735
"947",139.855,35.745
"948",139.855,35.755
"949",139.855,35.765
"950",139.855,35.775
"951",139.855,35.785
"952",139.855,35.795
"953",139.855,35.805
"954",139.855,35.815
"955",139.855,35.825
"956",139.855,35.835
"957",139.855,35.845
"958",139.855,35.855
"959",139.855,35.865
"960",139.855,35.875
"961",139.855,35.885
"962",139.855,35.895
"963",139.855,35.905
"964",139.855,35.915
"965",139.855,35.925
"966",139.855,35.935
"967",139.855,35.945
"968",139.855,35.955
"969",139.855,35.965
"970",139.855,35.975
"971",139.855,35.985
"972",139.855,35.995
"973",139.855,36.005
"974",139.855,36.015
"975",139.855,36.025
"976",139.855,36.035
"977",139.855,36.045
"978",139.855,36.055
"979",139.855,36.065
"980",139.855,36.075
"981",139.865,35.735
"982",139.865,35.745
"983",139.865,35.755
"984",139.865,35.765
"985",139.865,35.775
"986",139.865,35.785
"987",139.865,35.795
"988",139.865,35.805
"989",139.865,35.815
"990",139.865,35.825
"991",139.865,35.835
"992",139.865,35.845
"993",139.865,35.855
"994",139.865,35.865
"995",139.865,35.875
"996",139.865,35.885
"997",139.865,35.895
"998",139.865,35.905
"999",139.865,35.915
"1000",139.865,35.925
"1001",139.865,35.935
"1002",139.865,35.945
"1003",139.865,35.955
"1004",139.865,35.965
"1005",139.865,35.975
"1006",139.865,35.985
"1007",139.865,35.995
"1008",139.865,36.005
"1009",139.865,36.015
"1010",139.865,36.025
"1011",139.865,36.035
"1012",139.865,36.045
"1013",139.865,36.055
"1014",139.865,36.065
"1015",139.865,36.075
"1016",139.875,35.735
"1017",139.875,35.745
"1018",139.875,35.755
"1019",139.875,35.765
"1020",139.875,35.775
"1021",139.875,35.785
"1022",139.875,35.795
"1023",139.875,35.805
"1024",139.875,35.815
"1025",139.875,35.825
"1026",139.875,35.835
"1027",139.875,35.845
"1028",139.875,35.855
"1029",139.875,35.865
"1030",139.875,35.875
"1031",139.875,35.885
"1032",139.875,35.895
"1033",139.875,35.905
"1034",139.875,35.915
"1035",139.875,35.925
"1036",139.875,35.935
"1037",139.875,35.945
"1038",139.875,35.955
"1039",139.875,35.965
"1040",139.875,35.975
"1041",139.875,35.985
"1042",139.875,35.995
"1043",139.875,36.005
"1044",139.875,36.015
"1045",139.875,36.025
"1046",139.875,36.035
"1047",139.875,36.045
"1048",139.875,36.055
"1049",139.875,36.065
"1050",139.875,36.075
"1051",139.885,35.735
"1052",139.885,35.745
"1053",139.885,35.755
"1054",139.885,35.765
"1055",139.885,35.775
"1056",139.885,35.785
"1057",139.885,35.795
"1058",139.885,35.805
"1059",139.885,35.815
"1060",139.885,35.825
"1061",139.885,35.835
"1062",139.885,35.845
"1063",139.885,35.855
"1064",139.885,35.865
"1065",139.885,35.875
"1066",139.885,35.885
"1067",139.885,35.895
"1068",139.885,35.905
"1069",139.885,35.915
"1070",139.885,35.925
"1071",139.885,35.935
"1072",139.885,35.945
"1073",139.885,35.955
"1074",139.885,35.965
"1075",139.885,35.975
"1076",139.885,35.985
"1077",139.885,35.995
"1078",139.885,36.005
"1079",139.885,36.015
"1080",139.885,36.025
"1081",139.885,36.035
"1082",139.885,36.045
"1083",139.885,36.055
"1084",139.885,36.065
"1085",139.885,36.075
"1086",139.895,35.735
"1087",139.895,35.745
"1088",139.895,35.755
"1089",139.895,35.765
"1090",139.895,35.775
"1091",139.895,35.785
"1092",139.895,35.795
"1093",139.895,35.805
"1094",139.895,35.815
"1095",139.895,35.825
"1096",139.895,35.835
"1097",139.895,35.845
"1098",139.895,35.855
"1099",139.895,35.865
"1100",139.895,35.875
"1101",139.895,35.885
"1102",139.895,35.895
"1103",139.895,35.905
"1104",139.895,35.915
"1105",139.895,35.925
"1106",139.895,35.935
"1107",139.895,35.945
"1108",139.895,35.955
"1109",139.895,35.965
"1110",139.895,35.975
"1111",139.895,35.985
"1112",139.895,35.995
"1113",139.895,36.005
"1114",139.895,36.015
"1115",139.895,36.025
"1116",139.895,36.035
"1117",139.895,36.045
"1118",139.895,36.055
"1119",139.895,36.065
"1120",139.895,36.075
"1121",139.905,35.735
"1122",139.905,35.745
"1123",139.905,35.755
"1124",139.905,35.765
"1125",139.905,35.775
"1126",139.905,35.785
"1127",139.905,35.795
"1128",139.905,35.805
"1129",139.905,35.815
"1130",139.905,35.825
"1131",139.905,35.835
"1132",139.905,35.845
"1133",139.905,35.855
"1134",139.905,35.865
"1135",139.905,35.875
"1136",139.905,35.885
"1137",139.905,35.895
"1138",139.905,35.905
"1139",139.905,35.915
"1140",139.905,35.925
"1141",139.905,35.935
"1142",139.905,35.945
"1143",139.905,35.955
"1144",139.905,35.965
"1145",139.905,35.975
"1146",139.905,35.985
"1147",139.905,35.995
"1148",139.905,36.005
"1149",139.905,36.015
"1150",139.905,36.025
"1151",139.905,36.035
"1152",139.905,36.045
"1153",139.905,36.055
"1154",139.905,36.065
"1155",139.905,36.075
"1156",139.915,35.735
"1157",139.915,35.745
"1158",139.915,35.755
"1159",139.915,35.765
"1160",139.915,35.775
"1161",139.915,35.785
"1162",139.915,35.795
"1163",139.915,35.805
"1164",139.915,35.815
"1165",139.915,35.825
"1166",139.915,35.835
"1167",139.915,35.845
"1168",139.915,35.855
"1169",139.915,35.865
"1170",139.915,35.875
"1171",139.915,35.885
"1172",139.915,35.895
"1173",139.915,35.905
"1174",139.915,35.915
"1175",139.915,35.925
"1176",139.915,35.935
"1177",139.915,35.945
"1178",139.915,35.955
"1179",139.915,35.965
"1180",139.915,35.975
"1181",139.915,35.985
"1182",139.915,35.995
"1183",139.915,36.005
"1184",139.915,36.015
"1185",139.915,36.025
"1186",139.915,36.035
"1187",139.915,36.045
"1188",139.915,36.055
"1189",139.915,36.065
"1190",139.915,36.075
"1191",139.925,35.735
"1192",139.925,35.745
"1193",139.925,35.755
"1194",139.925,35.765
"1195",139.925,35.775
"1196",139.925,35.785
"1197",139.925,35.795
"1198",139.925,35.805
"1199",139.925,35.815
"1200",139.925,35.825
"1201",139.925,35.835
"1202",139.925,35.845
"1203",139.925,35.855
"1204",139.925,35.865
"1205",139.925,35.875
"1206",139.925,35.885
"1207",139.925,35.895
"1208",139.925,35.905
"1209",139.925,35.915
"1210",139.925,35.925
"1211",139.925,35.935
"1212",139.925,35.945
"1213",139.925,35.955
"1214",139.925,35.965
"1215",139.925,35.975
"1216",139.925,35.985
"1217",139.925,35.995
"1218",139.925,36.005
"1219",139.925,36.015
"1220",139.925,36.025
"1221",139.925,36.035
"1222",139.925,36.045
"1223",139.925,36.055
"1224",139.925,36.065
"1225",139.925,36.075
"1226",139.935,35.735
"1227",139.935,35.745
"1228",139.935,35.755
"1229",139.935,35.765
"1230",139.935,35.775
"1231",139.935,35.785
"1232",139.935,35.795
"1233",139.935,35.805
"1234",139.935,35.815
"1235",139.935,35.825
"1236",139.935,35.835
"1237",139.935,35.845
"1238",139.935,35.855
"1239",139.935,35.865
"1240",139.935,35.875
"1241",139.935,35.885
"1242",139.935,35.895
"1243",139.935,35.905
"1244",139.935,35.915
"1245",139.935,35.925
"1246",139.935,35.935
"1247",139.935,35.945
"1248",139.935,35.955
"1249",139.935,35.965
"1250",139.935,35.975
"1251",139.935,35.985
"1252",139.935,35.995
"1253",139.935,36.005
"1254",139.935,36.015
"1255",139.935,36.025
"1256",139.935,36.035
"1257",139.935,36.045
"1258",139.935,36.055
"1259",139.935,36.065
"1260",139.935,36.075
"1261",139.945,35.735
"1262",139.945,35.745
"1263",139.945,35.755
"1264",139.945,35.765
"1265",139.945,35.775
"1266",139.945,35.785
"1267",139.945,35.795
"1268",139.945,35.805
"1269",139.945,35.815
"1270",139.945,35.825
"1271",139.945,35.835
"1272",139.945,35.845
"1273",139.945,35.855
"1274",139.945,35.865
"1275",139.945,35.875
"1276",139.945,35.885
"1277",139.945,35.895
"1278",139.945,35.905
"1279",139.945,35.915
"1280",139.945,35.925
"1281",139.945,35.935
"1282",139.945,35.945
"1283",139.945,35.955
"1284",139.945,35.965
"1285",139.945,35.975
"1286",139.945,35.985
"1287",139.945,35.995
"1288",139.945,36.005
"1289",139.945,36.015
"1290",139.945,36.025
"1291",139.945,36.035
"1292",139.945,36.045
"1293",139.945,36.055
"1294",139.945,36.065
"1295",139.945,36.075
"1296",139.955,35.735
"1297",139.955,35.745
"1298",139.955,35.755
"1299",139.955,35.765
"1300",139.955,35.775
"1301",139.955,35.785
"1302",139.955,35.795
"1303",139.955,35.805
"1304",139.955,35.815
"1305",139.955,35.825
"1306",139.955,35.835
"1307",139.955,35.845
"1308",139.955,35.855
"1309",139.955,35.865
"1310",139.955,35.875
"1311",139.955,35.885
"1312",139.955,35.895
"1313",139.955,35.905
"1314",139.955,35.915
"1315",139.955,35.925
"1316",139.955,35.935
"1317",139.955,35.945
"1318",139.955,35.955
"1319",139.955,35.965
"1320",139.955,35.975
"1321",139.955,35.985
"1322",139.955,35.995
"1323",139.955,36.005
"1324",139.955,36.015
"1325",139.955,36.025
"1326",139.955,36.035
"1327",139.955,36.045
"1328",139.955,36.055
"1329",139.955,36.065
"1330",139.955,36.075
"1331",139.965,35.735
"1332",139.965,35.745
"1333",139.965,35.755
"1334",139.965,35.765
"1335",139.965,35.775
"1336",139.965,35.785
"1337",139.965,35.795
"1338",139.965,35.805
"1339",139.965,35.815
"1340",139.965,35.825
"1341",139.965,35.835
"1342",139.965,35.845
"1343",139.965,35.855
"1344",139.965,35.865
"1345",139.965,35.875
"1346",139.965,35.885
"1347",139.965,35.895
"1348",139.965,35.905
"1349",139.965,35.915
"1350",139.965,35.925
"1351",139.965,35.935
"1352",139.965,35.945
"1353",139.965,35.955
"1354",139.965,35.965
"1355",139.965,35.975
"1356",139.965,35.985
"1357",139.965,35.995
"1358",139.965,36.005
"1359",139.965,36.015
"1360",139.965,36.025
"1361",139.965,36.035
"1362",139.965,36.045
"1363",139.965,36.055
"1364",139.965,36.065
"1365",139.965,36.075
"1366",139.975,35.735
"1367",139.975,35.745
"1368",139.975,35.755
"1369",139.975,35.765
"1370",139.975,35.775
"1371",139.975,35.785
"1372",139.975,35.795
"1373",139.975,35.805
"1374",139.975,35.815
"1375",139.975,35.825
"1376",139.975,35.835
"1377",139.975,35.845
"1378",139.975,35.855
"1379",139.975,35.865
"1380",139.975,35.875
"1381",139.975,35.885
"1382",139.975,35.895
"1383",139.975,35.905
"1384",139.975,35.915
"1385",139.975,35.925
"1386",139.975,35.935
"1387",139.975,35.945
"1388",139.975,35.955
"1389",139.975,35.965
"1390",139.975,35.975
"1391",139.975,35.985
"1392",139.975,35.995
"1393",139.975,36.005
"1394",139.975,36.015
"1395",139.975,36.025
"1396",139.975,36.035
"1397",139.975,36.045
"1398",139.975,36.055
"1399",139.975,36.065
"1400",139.975,36.075
"1401",139.985,35.735
"1402",139.985,35.745
"1403",139.985,35.755
"1404",139.985,35.765
"1405",139.985,35.775
"1406",139.985,35.785
"1407",139.985,35.795
"1408",139.985,35.805
"1409",139.985,35.815
"1410",139.985,35.825
"1411",139.985,35.835
"1412",139.985,35.845
"1413",139.985,35.855
"1414",139.985,35.865
"1415",139.985,35.875
"1416",139.985,35.885
"1417",139.985,35.895
"1418",139.985,35.905
"1419",139.985,35.915
"1420",139.985,35.925
"1421",139.985,35.935
"1422",139.985,35.945
"1423",139.985,35.955
"1424",139.985,35.965
"1425",139.985,35.975
"1426",139.985,35.985
"1427",139.985,35.995
"1428",139.985,36.005
"1429",139.985,36.015
"1430",139.985,36.025
"1431",139.985,36.035
"1432",139.985,36.045
"1433",139.985,36.055
"1434",139.985,36.065
"1435",139.985,36.075
"1436",139.995,35.735
"1437",139.995,35.745
"1438",139.995,35.755
"1439",139.995,35.765
"1440",139.995,35.775
"1441",139.995,35.785
"1442",139.995,35.795
"1443",139.995,35.805
"1444",139.995,35.815
"1445",139.995,35.825
"1446",139.995,35.835
"1447",139.995,35.845
"1448",139.995,35.855
"1449",139.995,35.865
"1450",139.995,35.875
"1451",139.995,35.885
"1452",139.995,35.895
"1453",139.995,35.905
"1454",139.995,35.915
"1455",139.995,35.925
"1456",139.995,35.935
"1457",139.995,35.945
"1458",139.995,35.955
"1459",139.995,35.965
"1460",139.995,35.975
"1461",139.995,35.985
"1462",139.995,35.995
"1463",139.995,36.005
"1464",139.995,36.015
"1465",139.995,36.025
"1466",139.995,36.035
"1467",139.995,36.045
"1468",139.995,36.055
"1469",139.995,36.065
"1470",139.995,36.075
"1471",140.005,35.735
"1472",140.005,35.745
"1473",140.005,35.755
"1474",140.005,35.765
"1475",140.005,35.775
"1476",140.005,35.785
"1477",140.005,35.795
"1478",140.005,35.805
"1479",140.005,35.815
"1480",140.005,35.825
"1481",140.005,35.835
"1482",140.005,35.845
"1483",140.005,35.855
"1484",140.005,35.865
"1485",140.005,35.875
"1486",140.005,35.885
"1487",140.005,35.895
"1488",140.005,35.905
"1489",140.005,35.915
"1490",140.005,35.925
"1491",140.005,35.935
"1492",140.005,35.945
"1493",140.005,35.955
"1494",140.005,35.965
"1495",140.005,35.975
"1496",140.005,35.985
"1497",140.005,35.995
"1498",140.005,36.005
"1499",140.005,36.015
"1500",140.005,36.025
"1501",140.005,36.035
"1502",140.005,36.045
"1503",140.005,36.055
"1504",140.005,36.065
"1505",140.005,36.075
